{"amount_mean": {"0.0": -0.0029941887815306796, "23.0": 0.0026473272664811246}, "amount_std": {"0.0": 1.032787956489068, "23.0": 0.9700868820105333}}